{
  "timestamp": "2025-12-25T15:39:34.817864",
  "metrics": {
    "us_10y_yield": {
      "value": 4.17,
      "delta": 0.0
    },
    "fed_net_liquidity": {
      "value": 6556.86,
      "delta": 1.5251202560428725e-05
    },
    "btc_price": {
      "value": 87940,
      "delta": 0.07852420024809095
    },
    "stablecoin_mcap": {
      "value": 307.5,
      "delta": -0.0012481890696766256
    },
    "usdt_dominance": {
      "value": 6.13,
      "delta": -0.20992586931239937
    },
    "rwa_tvl": {
      "value": 8.5,
      "delta": 0.0
    }
  }
}