{
  "timestamp": "2025-12-26T07:21:42.400455",
  "metrics": {
    "us_10y_yield": {
      "value": 4.17,
      "delta": 0.0
    },
    "fed_net_liquidity": {
      "value": 6556.86,
      "delta": 1.5251202560428725e-05
    },
    "btc_price": {
      "value": 89286,
      "delta": 0.18851410489463408
    },
    "stablecoin_mcap": {
      "value": 307.51,
      "delta": 0.000920074529876462
    },
    "usdt_dominance": {
      "value": 6.05,
      "delta": -0.11153611108707362
    },
    "rwa_tvl": {
      "value": 8.5,
      "delta": 0.0
    }
  }
}