{
  "timestamp": "2025-12-27T01:40:48.622798",
  "metrics": {
    "us_10y_yield": {
      "value": 4.17,
      "delta": 0.0
    },
    "fed_net_liquidity": {
      "value": 6556.86,
      "delta": 1.5251202560428725e-05
    },
    "btc_price": {
      "value": 87377,
      "delta": -2.138073158165894
    },
    "stablecoin_mcap": {
      "value": 307.14,
      "delta": -0.1208000085928893
    },
    "usdt_dominance": {
      "value": 6.16,
      "delta": 1.7576520699835416
    },
    "rwa_tvl": {
      "value": 8.5,
      "delta": 0.0
    }
  }
}