{
  "timestamp": "2026-01-06T02:04:40.013148",
  "metrics": {
    "us_10y_yield": {
      "value": 4.19,
      "delta": 0.4796163069544475
    },
    "fed_net_liquidity": {
      "value": 6640.62,
      "delta": -3.011766972809706e-05
    },
    "btc_price": {
      "value": 93835,
      "delta": 1.6146149181322016
    },
    "stablecoin_mcap": {
      "value": 306.85,
      "delta": -0.005591363680323065
    },
    "usdt_dominance": {
      "value": 5.68,
      "delta": -1.7453285255790298
    },
    "rwa_tvl": {
      "value": 8.5,
      "delta": 0.0
    }
  }
}